<?xml version="1.0" encoding="UTF-8"?>
<地図 xmlns="http://www.moj.go.jp/MINJI/tizuxml" xmlns:zmn="http://www.moj.go.jp/MINJI/tizuzumen" xmlns:xsi="http://www.w3.org/2001/XMLSchema-instance" xsi:schemaLocation="http://www.moj.go.jp/MINJI/tizuxml tizuxml.xsd">
	<version>ver1.0</version>
	<地図名>YKI18141</地図名>
	<市区町村コード>24341</市区町村コード>
	<市区町村名>三重郡菰野町</市区町村名>
	<座標系>公共座標6系</座標系>
	<測地系判別>変換</測地系判別>
	<変換プログラム>TKY2JGD</変換プログラム>
	<変換プログラムバージョン>1.3.77</変換プログラムバージョン>
	<変換パラメータバージョン>2.0.6</変換パラメータバージョン>
	<空間属性>
		<zmn:GM_Point id="P000000001">
			<zmn:GM_Point.position>
				<zmn:DirectPosition>
					<zmn:X>-103996.314</zmn:X>
					<zmn:Y>49280.171</zmn:Y>
				</zmn:DirectPosition>
			</zmn:GM_Point.position>
		</zmn:GM_Point>
		<zmn:GM_Point id="P000000002">
			<zmn:GM_Point.position>
				<zmn:DirectPosition>
					<zmn:X>-103983.753</zmn:X>
					<zmn:Y>49288.113</zmn:Y>
				</zmn:DirectPosition>
			</zmn:GM_Point.position>
		</zmn:GM_Point>
		<zmn:GM_Point id="P000000003">
			<zmn:GM_Point.position>
				<zmn:DirectPosition>
					<zmn:X>-103982.094</zmn:X>
					<zmn:Y>49288.858</zmn:Y>
				</zmn:DirectPosition>
			</zmn:GM_Point.position>
		</zmn:GM_Point>
		<zmn:GM_Point id="P000000004">
			<zmn:GM_Point.position>
				<zmn:DirectPosition>
					<zmn:X>-103980.306</zmn:X>
					<zmn:Y>49252.839</zmn:Y>
				</zmn:DirectPosition>
			</zmn:GM_Point.position>
		</zmn:GM_Point>
		<zmn:GM_Point id="P000000005">
			<zmn:GM_Point.position>
				<zmn:DirectPosition>
					<zmn:X>-103984.200</zmn:X>
					<zmn:Y>49256.939</zmn:Y>
				</zmn:DirectPosition>
			</zmn:GM_Point.position>
		</zmn:GM_Point>
		<zmn:GM_Point id="P000000006">
			<zmn:GM_Point.position>
				<zmn:DirectPosition>
					<zmn:X>-103976.951</zmn:X>
					<zmn:Y>49255.284</zmn:Y>
				</zmn:DirectPosition>
			</zmn:GM_Point.position>
		</zmn:GM_Point>
		<zmn:GM_Point id="P000000007">
			<zmn:GM_Point.position>
				<zmn:DirectPosition>
					<zmn:X>-103975.452</zmn:X>
					<zmn:Y>49256.561</zmn:Y>
				</zmn:DirectPosition>
			</zmn:GM_Point.position>
		</zmn:GM_Point>
		<zmn:GM_Point id="P000000008">
			<zmn:GM_Point.position>
				<zmn:DirectPosition>
					<zmn:X>-103973.027</zmn:X>
					<zmn:Y>49259.646</zmn:Y>
				</zmn:DirectPosition>
			</zmn:GM_Point.position>
		</zmn:GM_Point>
		<zmn:GM_Point id="P000000009">
			<zmn:GM_Point.position>
				<zmn:DirectPosition>
					<zmn:X>-103972.189</zmn:X>
					<zmn:Y>49261.408</zmn:Y>
				</zmn:DirectPosition>
			</zmn:GM_Point.position>
		</zmn:GM_Point>
		<zmn:GM_Point id="P000000010">
			<zmn:GM_Point.position>
				<zmn:DirectPosition>
					<zmn:X>-103980.258</zmn:X>
					<zmn:Y>49274.671</zmn:Y>
				</zmn:DirectPosition>
			</zmn:GM_Point.position>
		</zmn:GM_Point>
		<zmn:GM_Point id="P000000011">
			<zmn:GM_Point.position>
				<zmn:DirectPosition>
					<zmn:X>-103983.035</zmn:X>
					<zmn:Y>49280.179</zmn:Y>
				</zmn:DirectPosition>
			</zmn:GM_Point.position>
		</zmn:GM_Point>
		<zmn:GM_Point id="P000000012">
			<zmn:GM_Point.position>
				<zmn:DirectPosition>
					<zmn:X>-103983.212</zmn:X>
					<zmn:Y>49285.539</zmn:Y>
				</zmn:DirectPosition>
			</zmn:GM_Point.position>
		</zmn:GM_Point>
		<zmn:GM_Curve id="C000000001">
			<zmn:GM_OrientablePrimitive.orientation>+</zmn:GM_OrientablePrimitive.orientation>
			<zmn:GM_OrientablePrimitive.primitive idref="C000000001"/>
			<zmn:GM_Curve.segment>
				<zmn:GM_LineString>
					<zmn:GM_LineString.controlPoint>
						<zmn:GM_PointArray.column>
							<zmn:GM_Position.indirect>
								<zmn:GM_PointRef.point idref="P000000012"/>
							</zmn:GM_Position.indirect>
						</zmn:GM_PointArray.column>
						<zmn:GM_PointArray.column>
							<zmn:GM_Position.indirect>
								<zmn:GM_PointRef.point idref="P000000003"/>
							</zmn:GM_Position.indirect>
						</zmn:GM_PointArray.column>
					</zmn:GM_LineString.controlPoint>
				</zmn:GM_LineString>
			</zmn:GM_Curve.segment>
		</zmn:GM_Curve>
		<zmn:GM_Curve id="C000000002">
			<zmn:GM_OrientablePrimitive.orientation>+</zmn:GM_OrientablePrimitive.orientation>
			<zmn:GM_OrientablePrimitive.primitive idref="C000000002"/>
			<zmn:GM_Curve.segment>
				<zmn:GM_LineString>
					<zmn:GM_LineString.controlPoint>
						<zmn:GM_PointArray.column>
							<zmn:GM_Position.indirect>
								<zmn:GM_PointRef.point idref="P000000003"/>
							</zmn:GM_Position.indirect>
						</zmn:GM_PointArray.column>
						<zmn:GM_PointArray.column>
							<zmn:GM_Position.indirect>
								<zmn:GM_PointRef.point idref="P000000002"/>
							</zmn:GM_Position.indirect>
						</zmn:GM_PointArray.column>
					</zmn:GM_LineString.controlPoint>
				</zmn:GM_LineString>
			</zmn:GM_Curve.segment>
		</zmn:GM_Curve>
		<zmn:GM_Curve id="C000000003">
			<zmn:GM_OrientablePrimitive.orientation>+</zmn:GM_OrientablePrimitive.orientation>
			<zmn:GM_OrientablePrimitive.primitive idref="C000000003"/>
			<zmn:GM_Curve.segment>
				<zmn:GM_LineString>
					<zmn:GM_LineString.controlPoint>
						<zmn:GM_PointArray.column>
							<zmn:GM_Position.indirect>
								<zmn:GM_PointRef.point idref="P000000002"/>
							</zmn:GM_Position.indirect>
						</zmn:GM_PointArray.column>
						<zmn:GM_PointArray.column>
							<zmn:GM_Position.indirect>
								<zmn:GM_PointRef.point idref="P000000001"/>
							</zmn:GM_Position.indirect>
						</zmn:GM_PointArray.column>
					</zmn:GM_LineString.controlPoint>
				</zmn:GM_LineString>
			</zmn:GM_Curve.segment>
		</zmn:GM_Curve>
		<zmn:GM_Curve id="C000000004">
			<zmn:GM_OrientablePrimitive.orientation>+</zmn:GM_OrientablePrimitive.orientation>
			<zmn:GM_OrientablePrimitive.primitive idref="C000000004"/>
			<zmn:GM_Curve.segment>
				<zmn:GM_LineString>
					<zmn:GM_LineString.controlPoint>
						<zmn:GM_PointArray.column>
							<zmn:GM_Position.indirect>
								<zmn:GM_PointRef.point idref="P000000001"/>
							</zmn:GM_Position.indirect>
						</zmn:GM_PointArray.column>
						<zmn:GM_PointArray.column>
							<zmn:GM_Position.indirect>
								<zmn:GM_PointRef.point idref="P000000005"/>
							</zmn:GM_Position.indirect>
						</zmn:GM_PointArray.column>
					</zmn:GM_LineString.controlPoint>
				</zmn:GM_LineString>
			</zmn:GM_Curve.segment>
		</zmn:GM_Curve>
		<zmn:GM_Curve id="C000000005">
			<zmn:GM_OrientablePrimitive.orientation>+</zmn:GM_OrientablePrimitive.orientation>
			<zmn:GM_OrientablePrimitive.primitive idref="C000000005"/>
			<zmn:GM_Curve.segment>
				<zmn:GM_LineString>
					<zmn:GM_LineString.controlPoint>
						<zmn:GM_PointArray.column>
							<zmn:GM_Position.indirect>
								<zmn:GM_PointRef.point idref="P000000005"/>
							</zmn:GM_Position.indirect>
						</zmn:GM_PointArray.column>
						<zmn:GM_PointArray.column>
							<zmn:GM_Position.indirect>
								<zmn:GM_PointRef.point idref="P000000004"/>
							</zmn:GM_Position.indirect>
						</zmn:GM_PointArray.column>
					</zmn:GM_LineString.controlPoint>
				</zmn:GM_LineString>
			</zmn:GM_Curve.segment>
		</zmn:GM_Curve>
		<zmn:GM_Curve id="C000000006">
			<zmn:GM_OrientablePrimitive.orientation>+</zmn:GM_OrientablePrimitive.orientation>
			<zmn:GM_OrientablePrimitive.primitive idref="C000000006"/>
			<zmn:GM_Curve.segment>
				<zmn:GM_LineString>
					<zmn:GM_LineString.controlPoint>
						<zmn:GM_PointArray.column>
							<zmn:GM_Position.indirect>
								<zmn:GM_PointRef.point idref="P000000004"/>
							</zmn:GM_Position.indirect>
						</zmn:GM_PointArray.column>
						<zmn:GM_PointArray.column>
							<zmn:GM_Position.indirect>
								<zmn:GM_PointRef.point idref="P000000006"/>
							</zmn:GM_Position.indirect>
						</zmn:GM_PointArray.column>
					</zmn:GM_LineString.controlPoint>
				</zmn:GM_LineString>
			</zmn:GM_Curve.segment>
		</zmn:GM_Curve>
		<zmn:GM_Curve id="C000000007">
			<zmn:GM_OrientablePrimitive.orientation>+</zmn:GM_OrientablePrimitive.orientation>
			<zmn:GM_OrientablePrimitive.primitive idref="C000000007"/>
			<zmn:GM_Curve.segment>
				<zmn:GM_LineString>
					<zmn:GM_LineString.controlPoint>
						<zmn:GM_PointArray.column>
							<zmn:GM_Position.indirect>
								<zmn:GM_PointRef.point idref="P000000006"/>
							</zmn:GM_Position.indirect>
						</zmn:GM_PointArray.column>
						<zmn:GM_PointArray.column>
							<zmn:GM_Position.indirect>
								<zmn:GM_PointRef.point idref="P000000007"/>
							</zmn:GM_Position.indirect>
						</zmn:GM_PointArray.column>
					</zmn:GM_LineString.controlPoint>
				</zmn:GM_LineString>
			</zmn:GM_Curve.segment>
		</zmn:GM_Curve>
		<zmn:GM_Curve id="C000000008">
			<zmn:GM_OrientablePrimitive.orientation>+</zmn:GM_OrientablePrimitive.orientation>
			<zmn:GM_OrientablePrimitive.primitive idref="C000000008"/>
			<zmn:GM_Curve.segment>
				<zmn:GM_LineString>
					<zmn:GM_LineString.controlPoint>
						<zmn:GM_PointArray.column>
							<zmn:GM_Position.indirect>
								<zmn:GM_PointRef.point idref="P000000007"/>
							</zmn:GM_Position.indirect>
						</zmn:GM_PointArray.column>
						<zmn:GM_PointArray.column>
							<zmn:GM_Position.indirect>
								<zmn:GM_PointRef.point idref="P000000008"/>
							</zmn:GM_Position.indirect>
						</zmn:GM_PointArray.column>
					</zmn:GM_LineString.controlPoint>
				</zmn:GM_LineString>
			</zmn:GM_Curve.segment>
		</zmn:GM_Curve>
		<zmn:GM_Curve id="C000000009">
			<zmn:GM_OrientablePrimitive.orientation>+</zmn:GM_OrientablePrimitive.orientation>
			<zmn:GM_OrientablePrimitive.primitive idref="C000000009"/>
			<zmn:GM_Curve.segment>
				<zmn:GM_LineString>
					<zmn:GM_LineString.controlPoint>
						<zmn:GM_PointArray.column>
							<zmn:GM_Position.indirect>
								<zmn:GM_PointRef.point idref="P000000008"/>
							</zmn:GM_Position.indirect>
						</zmn:GM_PointArray.column>
						<zmn:GM_PointArray.column>
							<zmn:GM_Position.indirect>
								<zmn:GM_PointRef.point idref="P000000009"/>
							</zmn:GM_Position.indirect>
						</zmn:GM_PointArray.column>
					</zmn:GM_LineString.controlPoint>
				</zmn:GM_LineString>
			</zmn:GM_Curve.segment>
		</zmn:GM_Curve>
		<zmn:GM_Curve id="C000000010">
			<zmn:GM_OrientablePrimitive.orientation>+</zmn:GM_OrientablePrimitive.orientation>
			<zmn:GM_OrientablePrimitive.primitive idref="C000000010"/>
			<zmn:GM_Curve.segment>
				<zmn:GM_LineString>
					<zmn:GM_LineString.controlPoint>
						<zmn:GM_PointArray.column>
							<zmn:GM_Position.indirect>
								<zmn:GM_PointRef.point idref="P000000009"/>
							</zmn:GM_Position.indirect>
						</zmn:GM_PointArray.column>
						<zmn:GM_PointArray.column>
							<zmn:GM_Position.indirect>
								<zmn:GM_PointRef.point idref="P000000010"/>
							</zmn:GM_Position.indirect>
						</zmn:GM_PointArray.column>
					</zmn:GM_LineString.controlPoint>
				</zmn:GM_LineString>
			</zmn:GM_Curve.segment>
		</zmn:GM_Curve>
		<zmn:GM_Curve id="C000000011">
			<zmn:GM_OrientablePrimitive.orientation>+</zmn:GM_OrientablePrimitive.orientation>
			<zmn:GM_OrientablePrimitive.primitive idref="C000000011"/>
			<zmn:GM_Curve.segment>
				<zmn:GM_LineString>
					<zmn:GM_LineString.controlPoint>
						<zmn:GM_PointArray.column>
							<zmn:GM_Position.indirect>
								<zmn:GM_PointRef.point idref="P000000010"/>
							</zmn:GM_Position.indirect>
						</zmn:GM_PointArray.column>
						<zmn:GM_PointArray.column>
							<zmn:GM_Position.indirect>
								<zmn:GM_PointRef.point idref="P000000011"/>
							</zmn:GM_Position.indirect>
						</zmn:GM_PointArray.column>
					</zmn:GM_LineString.controlPoint>
				</zmn:GM_LineString>
			</zmn:GM_Curve.segment>
		</zmn:GM_Curve>
		<zmn:GM_Curve id="C000000012">
			<zmn:GM_OrientablePrimitive.orientation>+</zmn:GM_OrientablePrimitive.orientation>
			<zmn:GM_OrientablePrimitive.primitive idref="C000000012"/>
			<zmn:GM_Curve.segment>
				<zmn:GM_LineString>
					<zmn:GM_LineString.controlPoint>
						<zmn:GM_PointArray.column>
							<zmn:GM_Position.indirect>
								<zmn:GM_PointRef.point idref="P000000011"/>
							</zmn:GM_Position.indirect>
						</zmn:GM_PointArray.column>
						<zmn:GM_PointArray.column>
							<zmn:GM_Position.indirect>
								<zmn:GM_PointRef.point idref="P000000012"/>
							</zmn:GM_Position.indirect>
						</zmn:GM_PointArray.column>
					</zmn:GM_LineString.controlPoint>
				</zmn:GM_LineString>
			</zmn:GM_Curve.segment>
		</zmn:GM_Curve>
		<zmn:GM_Surface id="F000000001">
			<zmn:GM_Surface.patch>
				<zmn:GM_Polygon>
					<zmn:GM_Polygon.boundary>
						<zmn:GM_SurfaceBoundary>
							<zmn:GM_SurfaceBoundary.exterior>
								<zmn:GM_Ring>
									<zmn:GM_CompositeCurve.generator idref="C000000001"/>
									<zmn:GM_CompositeCurve.generator idref="C000000002"/>
									<zmn:GM_CompositeCurve.generator idref="C000000003"/>
									<zmn:GM_CompositeCurve.generator idref="C000000004"/>
									<zmn:GM_CompositeCurve.generator idref="C000000005"/>
									<zmn:GM_CompositeCurve.generator idref="C000000006"/>
									<zmn:GM_CompositeCurve.generator idref="C000000007"/>
									<zmn:GM_CompositeCurve.generator idref="C000000008"/>
									<zmn:GM_CompositeCurve.generator idref="C000000009"/>
									<zmn:GM_CompositeCurve.generator idref="C000000010"/>
									<zmn:GM_CompositeCurve.generator idref="C000000011"/>
									<zmn:GM_CompositeCurve.generator idref="C000000012"/>
								</zmn:GM_Ring>
							</zmn:GM_SurfaceBoundary.exterior>
						</zmn:GM_SurfaceBoundary>
					</zmn:GM_Polygon.boundary>
				</zmn:GM_Polygon>
			</zmn:GM_Surface.patch>
		</zmn:GM_Surface>
	</空間属性>
	<主題属性>
		<筆界点>
			<点番名>2475784</点番名>
			<形状 idref="P000000001"/>
		</筆界点>
		<筆界点>
			<点番名>2475785</点番名>
			<形状 idref="P000000002"/>
		</筆界点>
		<筆界点>
			<点番名>2475786</点番名>
			<形状 idref="P000000003"/>
		</筆界点>
		<筆界点>
			<点番名>2475864</点番名>
			<形状 idref="P000000004"/>
		</筆界点>
		<筆界点>
			<点番名>2475865</点番名>
			<形状 idref="P000000005"/>
		</筆界点>
		<筆界点>
			<点番名>3191404</点番名>
			<形状 idref="P000000006"/>
		</筆界点>
		<筆界点>
			<点番名>3191405</点番名>
			<形状 idref="P000000007"/>
		</筆界点>
		<筆界点>
			<点番名>3191406</点番名>
			<形状 idref="P000000008"/>
		</筆界点>
		<筆界点>
			<点番名>3191407</点番名>
			<形状 idref="P000000009"/>
		</筆界点>
		<筆界点>
			<点番名>3191408</点番名>
			<形状 idref="P000000010"/>
		</筆界点>
		<筆界点>
			<点番名>3191409</点番名>
			<形状 idref="P000000011"/>
		</筆界点>
		<筆界点>
			<点番名>3191410</点番名>
			<形状 idref="P000000012"/>
		</筆界点>
		<筆界線>
			<形状 idref="C000000001"/>
			<線種別>筆界線</線種別>
		</筆界線>
		<筆界線>
			<形状 idref="C000000002"/>
			<線種別>市区町村界線</線種別>
		</筆界線>
		<筆界線>
			<形状 idref="C000000003"/>
			<線種別>市区町村界線</線種別>
		</筆界線>
		<筆界線>
			<形状 idref="C000000004"/>
			<線種別>筆界線</線種別>
		</筆界線>
		<筆界線>
			<形状 idref="C000000005"/>
			<線種別>筆界線</線種別>
		</筆界線>
		<筆界線>
			<形状 idref="C000000006"/>
			<線種別>筆界線</線種別>
		</筆界線>
		<筆界線>
			<形状 idref="C000000007"/>
			<線種別>筆界線</線種別>
		</筆界線>
		<筆界線>
			<形状 idref="C000000008"/>
			<線種別>筆界線</線種別>
		</筆界線>
		<筆界線>
			<形状 idref="C000000009"/>
			<線種別>筆界線</線種別>
		</筆界線>
		<筆界線>
			<形状 idref="C000000010"/>
			<線種別>筆界線</線種別>
		</筆界線>
		<筆界線>
			<形状 idref="C000000011"/>
			<線種別>筆界線</線種別>
		</筆界線>
		<筆界線>
			<形状 idref="C000000012"/>
			<線種別>筆界線</線種別>
		</筆界線>
		<筆 id="H000000001">
			<大字コード>016</大字コード>
			<丁目コード>000</丁目コード>
			<小字コード>0000</小字コード>
			<予備コード>00</予備コード>
			<大字名>大字永井</大字名>
			<地番>3100</地番>
			<形状 idref="F000000001"/>
			<精度区分>乙一</精度区分>
			<座標値種別>図上測量</座標値種別>
		</筆>
	</主題属性>
	<図郭>
		<地図番号>C00 24-4</地図番号>
		<縮尺分母>500</縮尺分母>
		<方位不明フラグ>false</方位不明フラグ>
		<左下座標>
			<zmn:X>-103753.951</zmn:X>
			<zmn:Y>49138.019</zmn:Y>
		</左下座標>
		<左上座標>
			<zmn:X>-103603.951</zmn:X>
			<zmn:Y>49138.022</zmn:Y>
		</左上座標>
		<右下座標>
			<zmn:X>-103753.952</zmn:X>
			<zmn:Y>49338.020</zmn:Y>
		</右下座標>
		<右上座標>
			<zmn:X>-103603.953</zmn:X>
			<zmn:Y>49338.022</zmn:Y>
		</右上座標>
		<地図種類>土地改良所在図</地図種類>
		<地図分類>法第14条1項地図</地図分類>
		<地図材質>P-F</地図材質>
		<地図作成年月日>
			<年>1989</年>
			<月>2</月>
			<日>27</日>
		</地図作成年月日>
		<分割図葉>
			<調査年月>
				<年>1986</年>
				<月>2</月>
			</調査年月>
			<測図年月>
				<年>1986</年>
				<月>3</月>
			</測図年月>
		</分割図葉>
	</図郭>
	<図郭>
		<地図番号>C00 25-3</地図番号>
		<縮尺分母>500</縮尺分母>
		<方位不明フラグ>false</方位不明フラグ>
		<左下座標>
			<zmn:X>-103753.952</zmn:X>
			<zmn:Y>49338.020</zmn:Y>
		</左下座標>
		<左上座標>
			<zmn:X>-103603.953</zmn:X>
			<zmn:Y>49338.022</zmn:Y>
		</左上座標>
		<右下座標>
			<zmn:X>-103753.954</zmn:X>
			<zmn:Y>49538.021</zmn:Y>
		</右下座標>
		<右上座標>
			<zmn:X>-103603.954</zmn:X>
			<zmn:Y>49538.023</zmn:Y>
		</右上座標>
		<地図種類>土地改良所在図</地図種類>
		<地図分類>法第14条1項地図</地図分類>
		<地図材質>P-F</地図材質>
		<地図作成年月日>
			<年>1989</年>
			<月>2</月>
			<日>27</日>
		</地図作成年月日>
		<分割図葉>
			<調査年月>
				<年>1986</年>
				<月>2</月>
			</調査年月>
			<測図年月>
				<年>1986</年>
				<月>3</月>
			</測図年月>
		</分割図葉>
	</図郭>
	<図郭>
		<地図番号>C00 34-2</地図番号>
		<縮尺分母>500</縮尺分母>
		<方位不明フラグ>false</方位不明フラグ>
		<左下座標>
			<zmn:X>-103903.950</zmn:X>
			<zmn:Y>49138.017</zmn:Y>
		</左下座標>
		<左上座標>
			<zmn:X>-103753.951</zmn:X>
			<zmn:Y>49138.019</zmn:Y>
		</左上座標>
		<右下座標>
			<zmn:X>-103903.952</zmn:X>
			<zmn:Y>49338.018</zmn:Y>
		</右下座標>
		<右上座標>
			<zmn:X>-103753.952</zmn:X>
			<zmn:Y>49338.020</zmn:Y>
		</右上座標>
		<地図種類>土地改良所在図</地図種類>
		<地図分類>法第14条1項地図</地図分類>
		<地図材質>P-F</地図材質>
		<地図作成年月日>
			<年>1989</年>
			<月>2</月>
			<日>27</日>
		</地図作成年月日>
		<分割図葉>
			<調査年月>
				<年>1986</年>
				<月>2</月>
			</調査年月>
			<測図年月>
				<年>1986</年>
				<月>3</月>
			</測図年月>
		</分割図葉>
	</図郭>
	<図郭>
		<地図番号>C00 34-4</地図番号>
		<縮尺分母>500</縮尺分母>
		<方位不明フラグ>false</方位不明フラグ>
		<左下座標>
			<zmn:X>-104053.949</zmn:X>
			<zmn:Y>49138.015</zmn:Y>
		</左下座標>
		<左上座標>
			<zmn:X>-103903.950</zmn:X>
			<zmn:Y>49138.017</zmn:Y>
		</左上座標>
		<右下座標>
			<zmn:X>-104053.951</zmn:X>
			<zmn:Y>49338.016</zmn:Y>
		</右下座標>
		<右上座標>
			<zmn:X>-103903.952</zmn:X>
			<zmn:Y>49338.018</zmn:Y>
		</右上座標>
		<地図種類>土地改良所在図</地図種類>
		<地図分類>法第14条1項地図</地図分類>
		<地図材質>P-F</地図材質>
		<地図作成年月日>
			<年>1989</年>
			<月>2</月>
			<日>27</日>
		</地図作成年月日>
		<分割図葉>
			<調査年月>
				<年>1986</年>
				<月>2</月>
			</調査年月>
			<測図年月>
				<年>1986</年>
				<月>3</月>
			</測図年月>
		</分割図葉>
		<筆参照 idref="H000000001"/>
	</図郭>
	<図郭>
		<地図番号>C00 35-1</地図番号>
		<縮尺分母>500</縮尺分母>
		<方位不明フラグ>false</方位不明フラグ>
		<左下座標>
			<zmn:X>-103903.952</zmn:X>
			<zmn:Y>49338.018</zmn:Y>
		</左下座標>
		<左上座標>
			<zmn:X>-103753.952</zmn:X>
			<zmn:Y>49338.020</zmn:Y>
		</左上座標>
		<右下座標>
			<zmn:X>-103903.953</zmn:X>
			<zmn:Y>49538.019</zmn:Y>
		</右下座標>
		<右上座標>
			<zmn:X>-103753.954</zmn:X>
			<zmn:Y>49538.021</zmn:Y>
		</右上座標>
		<地図種類>土地改良所在図</地図種類>
		<地図分類>法第14条1項地図</地図分類>
		<地図材質>P-F</地図材質>
		<地図作成年月日>
			<年>1989</年>
			<月>2</月>
			<日>27</日>
		</地図作成年月日>
		<分割図葉>
			<調査年月>
				<年>1986</年>
				<月>2</月>
			</調査年月>
			<測図年月>
				<年>1986</年>
				<月>3</月>
			</測図年月>
		</分割図葉>
	</図郭>
	<図郭>
		<地図番号>C00 35-2</地図番号>
		<縮尺分母>500</縮尺分母>
		<方位不明フラグ>false</方位不明フラグ>
		<左下座標>
			<zmn:X>-103903.953</zmn:X>
			<zmn:Y>49538.019</zmn:Y>
		</左下座標>
		<左上座標>
			<zmn:X>-103753.954</zmn:X>
			<zmn:Y>49538.021</zmn:Y>
		</左上座標>
		<右下座標>
			<zmn:X>-103903.955</zmn:X>
			<zmn:Y>49738.020</zmn:Y>
		</右下座標>
		<右上座標>
			<zmn:X>-103753.956</zmn:X>
			<zmn:Y>49738.021</zmn:Y>
		</右上座標>
		<地図種類>土地改良所在図</地図種類>
		<地図分類>法第14条1項地図</地図分類>
		<地図材質>P-F</地図材質>
		<地図作成年月日>
			<年>1989</年>
			<月>2</月>
			<日>27</日>
		</地図作成年月日>
		<分割図葉>
			<調査年月>
				<年>1986</年>
				<月>2</月>
			</調査年月>
			<測図年月>
				<年>1986</年>
				<月>3</月>
			</測図年月>
		</分割図葉>
	</図郭>
	<図郭>
		<地図番号>C00 35-3</地図番号>
		<縮尺分母>500</縮尺分母>
		<方位不明フラグ>false</方位不明フラグ>
		<左下座標>
			<zmn:X>-104053.951</zmn:X>
			<zmn:Y>49338.016</zmn:Y>
		</左下座標>
		<左上座標>
			<zmn:X>-103903.952</zmn:X>
			<zmn:Y>49338.018</zmn:Y>
		</左上座標>
		<右下座標>
			<zmn:X>-104053.952</zmn:X>
			<zmn:Y>49538.017</zmn:Y>
		</右下座標>
		<右上座標>
			<zmn:X>-103903.953</zmn:X>
			<zmn:Y>49538.019</zmn:Y>
		</右上座標>
		<地図種類>土地改良所在図</地図種類>
		<地図分類>法第14条1項地図</地図分類>
		<地図材質>P-F</地図材質>
		<地図作成年月日>
			<年>1989</年>
			<月>2</月>
			<日>27</日>
		</地図作成年月日>
		<分割図葉>
			<調査年月>
				<年>1986</年>
				<月>2</月>
			</調査年月>
			<測図年月>
				<年>1986</年>
				<月>3</月>
			</測図年月>
		</分割図葉>
	</図郭>
	<図郭>
		<地図番号>C00 35-4</地図番号>
		<縮尺分母>500</縮尺分母>
		<方位不明フラグ>false</方位不明フラグ>
		<左下座標>
			<zmn:X>-104053.952</zmn:X>
			<zmn:Y>49538.017</zmn:Y>
		</左下座標>
		<左上座標>
			<zmn:X>-103903.953</zmn:X>
			<zmn:Y>49538.019</zmn:Y>
		</左上座標>
		<右下座標>
			<zmn:X>-104053.954</zmn:X>
			<zmn:Y>49738.018</zmn:Y>
		</右下座標>
		<右上座標>
			<zmn:X>-103903.955</zmn:X>
			<zmn:Y>49738.020</zmn:Y>
		</右上座標>
		<地図種類>土地改良所在図</地図種類>
		<地図分類>法第14条1項地図</地図分類>
		<地図材質>P-F</地図材質>
		<地図作成年月日>
			<年>1989</年>
			<月>2</月>
			<日>27</日>
		</地図作成年月日>
		<分割図葉>
			<調査年月>
				<年>1986</年>
				<月>2</月>
			</調査年月>
			<測図年月>
				<年>1986</年>
				<月>3</月>
			</測図年月>
		</分割図葉>
	</図郭>
	<図郭>
		<地図番号>C00 44-2</地図番号>
		<縮尺分母>500</縮尺分母>
		<方位不明フラグ>false</方位不明フラグ>
		<左下座標>
			<zmn:X>-104203.948</zmn:X>
			<zmn:Y>49138.012</zmn:Y>
		</左下座標>
		<左上座標>
			<zmn:X>-104053.949</zmn:X>
			<zmn:Y>49138.015</zmn:Y>
		</左上座標>
		<右下座標>
			<zmn:X>-104203.950</zmn:X>
			<zmn:Y>49338.014</zmn:Y>
		</右下座標>
		<右上座標>
			<zmn:X>-104053.951</zmn:X>
			<zmn:Y>49338.016</zmn:Y>
		</右上座標>
		<地図種類>土地改良所在図</地図種類>
		<地図分類>法第14条1項地図</地図分類>
		<地図材質>P-F</地図材質>
		<地図作成年月日>
			<年>1989</年>
			<月>2</月>
			<日>27</日>
		</地図作成年月日>
		<分割図葉>
			<調査年月>
				<年>1987</年>
				<月>1</月>
			</調査年月>
			<測図年月>
				<年>1987</年>
				<月>3</月>
			</測図年月>
		</分割図葉>
	</図郭>
	<図郭>
		<地図番号>C00 44-4</地図番号>
		<縮尺分母>500</縮尺分母>
		<方位不明フラグ>false</方位不明フラグ>
		<左下座標>
			<zmn:X>-104353.947</zmn:X>
			<zmn:Y>49138.010</zmn:Y>
		</左下座標>
		<左上座標>
			<zmn:X>-104203.948</zmn:X>
			<zmn:Y>49138.012</zmn:Y>
		</左上座標>
		<右下座標>
			<zmn:X>-104353.948</zmn:X>
			<zmn:Y>49338.011</zmn:Y>
		</右下座標>
		<右上座標>
			<zmn:X>-104203.950</zmn:X>
			<zmn:Y>49338.014</zmn:Y>
		</右上座標>
		<地図種類>土地改良所在図</地図種類>
		<地図分類>法第14条1項地図</地図分類>
		<地図材質>P-F</地図材質>
		<地図作成年月日>
			<年>1989</年>
			<月>2</月>
			<日>27</日>
		</地図作成年月日>
		<分割図葉>
			<調査年月>
				<年>1987</年>
				<月>1</月>
			</調査年月>
			<測図年月>
				<年>1987</年>
				<月>3</月>
			</測図年月>
		</分割図葉>
	</図郭>
	<図郭>
		<地図番号>C00 45-1</地図番号>
		<縮尺分母>500</縮尺分母>
		<方位不明フラグ>false</方位不明フラグ>
		<左下座標>
			<zmn:X>-104203.950</zmn:X>
			<zmn:Y>49338.014</zmn:Y>
		</左下座標>
		<左上座標>
			<zmn:X>-104053.951</zmn:X>
			<zmn:Y>49338.016</zmn:Y>
		</左上座標>
		<右下座標>
			<zmn:X>-104203.951</zmn:X>
			<zmn:Y>49538.015</zmn:Y>
		</右下座標>
		<右上座標>
			<zmn:X>-104053.952</zmn:X>
			<zmn:Y>49538.017</zmn:Y>
		</右上座標>
		<地図種類>土地改良所在図</地図種類>
		<地図分類>法第14条1項地図</地図分類>
		<地図材質>P-F</地図材質>
		<地図作成年月日>
			<年>1989</年>
			<月>2</月>
			<日>27</日>
		</地図作成年月日>
		<分割図葉>
			<調査年月>
				<年>1986</年>
				<月>2</月>
			</調査年月>
			<測図年月>
				<年>1986</年>
				<月>3</月>
			</測図年月>
		</分割図葉>
	</図郭>
	<図郭>
		<地図番号>C00 45-2</地図番号>
		<縮尺分母>500</縮尺分母>
		<方位不明フラグ>false</方位不明フラグ>
		<左下座標>
			<zmn:X>-104203.951</zmn:X>
			<zmn:Y>49538.015</zmn:Y>
		</左下座標>
		<左上座標>
			<zmn:X>-104053.952</zmn:X>
			<zmn:Y>49538.017</zmn:Y>
		</左上座標>
		<右下座標>
			<zmn:X>-104203.952</zmn:X>
			<zmn:Y>49738.016</zmn:Y>
		</右下座標>
		<右上座標>
			<zmn:X>-104053.954</zmn:X>
			<zmn:Y>49738.018</zmn:Y>
		</右上座標>
		<地図種類>土地改良所在図</地図種類>
		<地図分類>法第14条1項地図</地図分類>
		<地図材質>P-F</地図材質>
		<地図作成年月日>
			<年>1989</年>
			<月>2</月>
			<日>27</日>
		</地図作成年月日>
		<分割図葉>
			<調査年月>
				<年>1986</年>
				<月>2</月>
			</調査年月>
			<測図年月>
				<年>1986</年>
				<月>3</月>
			</測図年月>
		</分割図葉>
	</図郭>
	<図郭>
		<地図番号>C00 45-3</地図番号>
		<縮尺分母>500</縮尺分母>
		<方位不明フラグ>false</方位不明フラグ>
		<左下座標>
			<zmn:X>-104353.948</zmn:X>
			<zmn:Y>49338.011</zmn:Y>
		</左下座標>
		<左上座標>
			<zmn:X>-104203.950</zmn:X>
			<zmn:Y>49338.014</zmn:Y>
		</左上座標>
		<右下座標>
			<zmn:X>-104353.950</zmn:X>
			<zmn:Y>49538.013</zmn:Y>
		</右下座標>
		<右上座標>
			<zmn:X>-104203.951</zmn:X>
			<zmn:Y>49538.015</zmn:Y>
		</右上座標>
		<地図種類>土地改良所在図</地図種類>
		<地図分類>法第14条1項地図</地図分類>
		<地図材質>P-F</地図材質>
		<地図作成年月日>
			<年>1989</年>
			<月>2</月>
			<日>27</日>
		</地図作成年月日>
		<分割図葉>
			<調査年月>
				<年>1987</年>
				<月>1</月>
			</調査年月>
			<測図年月>
				<年>1987</年>
				<月>3</月>
			</測図年月>
		</分割図葉>
	</図郭>
	<図郭>
		<地図番号>C00 45-4</地図番号>
		<縮尺分母>500</縮尺分母>
		<方位不明フラグ>false</方位不明フラグ>
		<左下座標>
			<zmn:X>-104353.950</zmn:X>
			<zmn:Y>49538.013</zmn:Y>
		</左下座標>
		<左上座標>
			<zmn:X>-104203.951</zmn:X>
			<zmn:Y>49538.015</zmn:Y>
		</左上座標>
		<右下座標>
			<zmn:X>-104353.951</zmn:X>
			<zmn:Y>49738.014</zmn:Y>
		</右下座標>
		<右上座標>
			<zmn:X>-104203.952</zmn:X>
			<zmn:Y>49738.016</zmn:Y>
		</右上座標>
		<地図種類>土地改良所在図</地図種類>
		<地図分類>法第14条1項地図</地図分類>
		<地図材質>P-F</地図材質>
		<地図作成年月日>
			<年>1989</年>
			<月>2</月>
			<日>27</日>
		</地図作成年月日>
		<分割図葉>
			<調査年月>
				<年>1986</年>
				<月>2</月>
			</調査年月>
			<測図年月>
				<年>1986</年>
				<月>3</月>
			</測図年月>
		</分割図葉>
	</図郭>
	<図郭>
		<地図番号>C00 54-2</地図番号>
		<縮尺分母>500</縮尺分母>
		<方位不明フラグ>false</方位不明フラグ>
		<左下座標>
			<zmn:X>-104503.946</zmn:X>
			<zmn:Y>49138.007</zmn:Y>
		</左下座標>
		<左上座標>
			<zmn:X>-104353.947</zmn:X>
			<zmn:Y>49138.010</zmn:Y>
		</左上座標>
		<右下座標>
			<zmn:X>-104503.947</zmn:X>
			<zmn:Y>49338.009</zmn:Y>
		</右下座標>
		<右上座標>
			<zmn:X>-104353.948</zmn:X>
			<zmn:Y>49338.011</zmn:Y>
		</右上座標>
		<地図種類>土地改良所在図</地図種類>
		<地図分類>法第14条1項地図</地図分類>
		<地図材質>P-F</地図材質>
		<地図作成年月日>
			<年>1989</年>
			<月>2</月>
			<日>27</日>
		</地図作成年月日>
		<分割図葉>
			<調査年月>
				<年>1987</年>
				<月>1</月>
			</調査年月>
			<測図年月>
				<年>1987</年>
				<月>3</月>
			</測図年月>
		</分割図葉>
	</図郭>
	<図郭>
		<地図番号>C00 55-1</地図番号>
		<縮尺分母>500</縮尺分母>
		<方位不明フラグ>false</方位不明フラグ>
		<左下座標>
			<zmn:X>-104503.947</zmn:X>
			<zmn:Y>49338.009</zmn:Y>
		</左下座標>
		<左上座標>
			<zmn:X>-104353.948</zmn:X>
			<zmn:Y>49338.011</zmn:Y>
		</左上座標>
		<右下座標>
			<zmn:X>-104503.948</zmn:X>
			<zmn:Y>49538.010</zmn:Y>
		</右下座標>
		<右上座標>
			<zmn:X>-104353.950</zmn:X>
			<zmn:Y>49538.013</zmn:Y>
		</右上座標>
		<地図種類>土地改良所在図</地図種類>
		<地図分類>法第14条1項地図</地図分類>
		<地図材質>P-F</地図材質>
		<地図作成年月日>
			<年>1989</年>
			<月>2</月>
			<日>27</日>
		</地図作成年月日>
		<分割図葉>
			<調査年月>
				<年>1987</年>
				<月>1</月>
			</調査年月>
			<測図年月>
				<年>1987</年>
				<月>3</月>
			</測図年月>
		</分割図葉>
	</図郭>
	<図郭>
		<地図番号>C00 55-2</地図番号>
		<縮尺分母>500</縮尺分母>
		<方位不明フラグ>false</方位不明フラグ>
		<左下座標>
			<zmn:X>-104503.948</zmn:X>
			<zmn:Y>49538.010</zmn:Y>
		</左下座標>
		<左上座標>
			<zmn:X>-104353.950</zmn:X>
			<zmn:Y>49538.013</zmn:Y>
		</左上座標>
		<右下座標>
			<zmn:X>-104503.949</zmn:X>
			<zmn:Y>49738.012</zmn:Y>
		</右下座標>
		<右上座標>
			<zmn:X>-104353.951</zmn:X>
			<zmn:Y>49738.014</zmn:Y>
		</右上座標>
		<地図種類>土地改良所在図</地図種類>
		<地図分類>法第14条1項地図</地図分類>
		<地図材質>P-F</地図材質>
		<地図作成年月日>
			<年>1989</年>
			<月>2</月>
			<日>27</日>
		</地図作成年月日>
		<分割図葉>
			<調査年月>
				<年>1987</年>
				<月>1</月>
			</調査年月>
			<測図年月>
				<年>1987</年>
				<月>3</月>
			</測図年月>
		</分割図葉>
	</図郭>
	<図郭>
		<地図番号>C00 55-3</地図番号>
		<縮尺分母>500</縮尺分母>
		<方位不明フラグ>false</方位不明フラグ>
		<左下座標>
			<zmn:X>-104653.946</zmn:X>
			<zmn:Y>49338.006</zmn:Y>
		</左下座標>
		<左上座標>
			<zmn:X>-104503.947</zmn:X>
			<zmn:Y>49338.009</zmn:Y>
		</左上座標>
		<右下座標>
			<zmn:X>-104653.947</zmn:X>
			<zmn:Y>49538.008</zmn:Y>
		</右下座標>
		<右上座標>
			<zmn:X>-104503.948</zmn:X>
			<zmn:Y>49538.010</zmn:Y>
		</右上座標>
		<地図種類>土地改良所在図</地図種類>
		<地図分類>法第14条1項地図</地図分類>
		<地図材質>P-F</地図材質>
		<地図作成年月日>
			<年>1989</年>
			<月>2</月>
			<日>27</日>
		</地図作成年月日>
		<分割図葉>
			<調査年月>
				<年>1987</年>
				<月>1</月>
			</調査年月>
			<測図年月>
				<年>1987</年>
				<月>3</月>
			</測図年月>
		</分割図葉>
	</図郭>
	<図郭>
		<地図番号>C00 55-4</地図番号>
		<縮尺分母>500</縮尺分母>
		<方位不明フラグ>false</方位不明フラグ>
		<左下座標>
			<zmn:X>-104653.947</zmn:X>
			<zmn:Y>49538.008</zmn:Y>
		</左下座標>
		<左上座標>
			<zmn:X>-104503.948</zmn:X>
			<zmn:Y>49538.010</zmn:Y>
		</左上座標>
		<右下座標>
			<zmn:X>-104653.948</zmn:X>
			<zmn:Y>49738.010</zmn:Y>
		</右下座標>
		<右上座標>
			<zmn:X>-104503.949</zmn:X>
			<zmn:Y>49738.012</zmn:Y>
		</右上座標>
		<地図種類>土地改良所在図</地図種類>
		<地図分類>法第14条1項地図</地図分類>
		<地図材質>P-F</地図材質>
		<地図作成年月日>
			<年>1989</年>
			<月>2</月>
			<日>27</日>
		</地図作成年月日>
		<分割図葉>
			<調査年月>
				<年>1987</年>
				<月>1</月>
			</調査年月>
			<測図年月>
				<年>1987</年>
				<月>3</月>
			</測図年月>
		</分割図葉>
	</図郭>
	<図郭>
		<地図番号>D00 31-1</地図番号>
		<縮尺分母>500</縮尺分母>
		<方位不明フラグ>false</方位不明フラグ>
		<左下座標>
			<zmn:X>-103903.955</zmn:X>
			<zmn:Y>49738.020</zmn:Y>
		</左下座標>
		<左上座標>
			<zmn:X>-103753.956</zmn:X>
			<zmn:Y>49738.021</zmn:Y>
		</左上座標>
		<右下座標>
			<zmn:X>-103903.957</zmn:X>
			<zmn:Y>49938.021</zmn:Y>
		</右下座標>
		<右上座標>
			<zmn:X>-103753.957</zmn:X>
			<zmn:Y>49938.022</zmn:Y>
		</右上座標>
		<地図種類>土地改良所在図</地図種類>
		<地図分類>法第14条1項地図</地図分類>
		<地図材質>P-F</地図材質>
		<地図作成年月日>
			<年>1989</年>
			<月>2</月>
			<日>27</日>
		</地図作成年月日>
		<分割図葉>
			<調査年月>
				<年>1986</年>
				<月>2</月>
			</調査年月>
			<測図年月>
				<年>1986</年>
				<月>3</月>
			</測図年月>
		</分割図葉>
	</図郭>
	<図郭>
		<地図番号>D00 31-2</地図番号>
		<縮尺分母>500</縮尺分母>
		<方位不明フラグ>false</方位不明フラグ>
		<左下座標>
			<zmn:X>-103903.957</zmn:X>
			<zmn:Y>49938.021</zmn:Y>
		</左下座標>
		<左上座標>
			<zmn:X>-103753.957</zmn:X>
			<zmn:Y>49938.022</zmn:Y>
		</左上座標>
		<右下座標>
			<zmn:X>-103903.959</zmn:X>
			<zmn:Y>50138.023</zmn:Y>
		</右下座標>
		<右上座標>
			<zmn:X>-103753.959</zmn:X>
			<zmn:Y>50138.024</zmn:Y>
		</右上座標>
		<地図種類>土地改良所在図</地図種類>
		<地図分類>法第14条1項地図</地図分類>
		<地図材質>P-F</地図材質>
		<地図作成年月日>
			<年>1989</年>
			<月>2</月>
			<日>27</日>
		</地図作成年月日>
		<分割図葉>
			<調査年月>
				<年>1986</年>
				<月>2</月>
			</調査年月>
			<測図年月>
				<年>1986</年>
				<月>3</月>
			</測図年月>
		</分割図葉>
	</図郭>
	<図郭>
		<地図番号>D00 31-3</地図番号>
		<縮尺分母>500</縮尺分母>
		<方位不明フラグ>false</方位不明フラグ>
		<左下座標>
			<zmn:X>-104053.954</zmn:X>
			<zmn:Y>49738.018</zmn:Y>
		</左下座標>
		<左上座標>
			<zmn:X>-103903.955</zmn:X>
			<zmn:Y>49738.020</zmn:Y>
		</左上座標>
		<右下座標>
			<zmn:X>-104053.956</zmn:X>
			<zmn:Y>49938.019</zmn:Y>
		</右下座標>
		<右上座標>
			<zmn:X>-103903.957</zmn:X>
			<zmn:Y>49938.021</zmn:Y>
		</右上座標>
		<地図種類>土地改良所在図</地図種類>
		<地図分類>法第14条1項地図</地図分類>
		<地図材質>P-F</地図材質>
		<地図作成年月日>
			<年>1989</年>
			<月>2</月>
			<日>27</日>
		</地図作成年月日>
		<分割図葉>
			<調査年月>
				<年>1986</年>
				<月>2</月>
			</調査年月>
			<測図年月>
				<年>1986</年>
				<月>3</月>
			</測図年月>
		</分割図葉>
	</図郭>
	<図郭>
		<地図番号>D00 31-4</地図番号>
		<縮尺分母>500</縮尺分母>
		<方位不明フラグ>false</方位不明フラグ>
		<左下座標>
			<zmn:X>-104053.956</zmn:X>
			<zmn:Y>49938.019</zmn:Y>
		</左下座標>
		<左上座標>
			<zmn:X>-103903.957</zmn:X>
			<zmn:Y>49938.021</zmn:Y>
		</左上座標>
		<右下座標>
			<zmn:X>-104053.958</zmn:X>
			<zmn:Y>50138.022</zmn:Y>
		</右下座標>
		<右上座標>
			<zmn:X>-103903.959</zmn:X>
			<zmn:Y>50138.023</zmn:Y>
		</右上座標>
		<地図種類>土地改良所在図</地図種類>
		<地図分類>法第14条1項地図</地図分類>
		<地図材質>P-F</地図材質>
		<地図作成年月日>
			<年>1989</年>
			<月>2</月>
			<日>27</日>
		</地図作成年月日>
		<分割図葉>
			<調査年月>
				<年>1986</年>
				<月>2</月>
			</調査年月>
			<測図年月>
				<年>1986</年>
				<月>3</月>
			</測図年月>
		</分割図葉>
	</図郭>
	<図郭>
		<地図番号>D00 32-3</地図番号>
		<縮尺分母>500</縮尺分母>
		<方位不明フラグ>false</方位不明フラグ>
		<左下座標>
			<zmn:X>-104053.958</zmn:X>
			<zmn:Y>50138.022</zmn:Y>
		</左下座標>
		<左上座標>
			<zmn:X>-103903.959</zmn:X>
			<zmn:Y>50138.023</zmn:Y>
		</左上座標>
		<右下座標>
			<zmn:X>-104053.960</zmn:X>
			<zmn:Y>50338.024</zmn:Y>
		</右下座標>
		<右上座標>
			<zmn:X>-103903.961</zmn:X>
			<zmn:Y>50338.025</zmn:Y>
		</右上座標>
		<地図種類>土地改良所在図</地図種類>
		<地図分類>法第14条1項地図</地図分類>
		<地図材質>P-F</地図材質>
		<地図作成年月日>
			<年>1989</年>
			<月>2</月>
			<日>27</日>
		</地図作成年月日>
		<分割図葉>
			<調査年月>
				<年>1986</年>
				<月>2</月>
			</調査年月>
			<測図年月>
				<年>1986</年>
				<月>3</月>
			</測図年月>
		</分割図葉>
	</図郭>
	<図郭>
		<地図番号>D00 41-1</地図番号>
		<縮尺分母>500</縮尺分母>
		<方位不明フラグ>false</方位不明フラグ>
		<左下座標>
			<zmn:X>-104203.952</zmn:X>
			<zmn:Y>49738.016</zmn:Y>
		</左下座標>
		<左上座標>
			<zmn:X>-104053.954</zmn:X>
			<zmn:Y>49738.018</zmn:Y>
		</左上座標>
		<右下座標>
			<zmn:X>-104203.954</zmn:X>
			<zmn:Y>49938.017</zmn:Y>
		</右下座標>
		<右上座標>
			<zmn:X>-104053.956</zmn:X>
			<zmn:Y>49938.019</zmn:Y>
		</右上座標>
		<地図種類>土地改良所在図</地図種類>
		<地図分類>法第14条1項地図</地図分類>
		<地図材質>P-F</地図材質>
		<地図作成年月日>
			<年>1989</年>
			<月>2</月>
			<日>27</日>
		</地図作成年月日>
		<分割図葉>
			<調査年月>
				<年>1986</年>
				<月>2</月>
			</調査年月>
			<測図年月>
				<年>1986</年>
				<月>3</月>
			</測図年月>
		</分割図葉>
	</図郭>
	<図郭>
		<地図番号>D00 41-2</地図番号>
		<縮尺分母>500</縮尺分母>
		<方位不明フラグ>false</方位不明フラグ>
		<左下座標>
			<zmn:X>-104203.954</zmn:X>
			<zmn:Y>49938.017</zmn:Y>
		</左下座標>
		<左上座標>
			<zmn:X>-104053.956</zmn:X>
			<zmn:Y>49938.019</zmn:Y>
		</左上座標>
		<右下座標>
			<zmn:X>-104203.956</zmn:X>
			<zmn:Y>50138.020</zmn:Y>
		</右下座標>
		<右上座標>
			<zmn:X>-104053.958</zmn:X>
			<zmn:Y>50138.022</zmn:Y>
		</右上座標>
		<地図種類>土地改良所在図</地図種類>
		<地図分類>法第14条1項地図</地図分類>
		<地図材質>P-F</地図材質>
		<地図作成年月日>
			<年>1989</年>
		</地図作成年月日>
		<分割図葉>
			<調査年月>
				<年>1986</年>
				<月>2</月>
			</調査年月>
			<測図年月>
				<年>1986</年>
				<月>3</月>
			</測図年月>
		</分割図葉>
	</図郭>
	<図郭>
		<地図番号>D00 41-3</地図番号>
		<縮尺分母>500</縮尺分母>
		<方位不明フラグ>false</方位不明フラグ>
		<左下座標>
			<zmn:X>-104353.951</zmn:X>
			<zmn:Y>49738.014</zmn:Y>
		</左下座標>
		<左上座標>
			<zmn:X>-104203.952</zmn:X>
			<zmn:Y>49738.016</zmn:Y>
		</左上座標>
		<右下座標>
			<zmn:X>-104353.952</zmn:X>
			<zmn:Y>49938.015</zmn:Y>
		</右下座標>
		<右上座標>
			<zmn:X>-104203.954</zmn:X>
			<zmn:Y>49938.017</zmn:Y>
		</右上座標>
		<地図種類>土地改良所在図</地図種類>
		<地図分類>法第14条1項地図</地図分類>
		<地図材質>P-F</地図材質>
		<地図作成年月日>
			<年>1989</年>
			<月>2</月>
			<日>27</日>
		</地図作成年月日>
		<分割図葉>
			<調査年月>
				<年>1986</年>
				<月>2</月>
			</調査年月>
			<測図年月>
				<年>1986</年>
				<月>3</月>
			</測図年月>
		</分割図葉>
	</図郭>
	<図郭>
		<地図番号>D00 41-4</地図番号>
		<縮尺分母>500</縮尺分母>
		<方位不明フラグ>false</方位不明フラグ>
		<左下座標>
			<zmn:X>-104353.952</zmn:X>
			<zmn:Y>49938.015</zmn:Y>
		</左下座標>
		<左上座標>
			<zmn:X>-104203.954</zmn:X>
			<zmn:Y>49938.017</zmn:Y>
		</左上座標>
		<右下座標>
			<zmn:X>-104353.954</zmn:X>
			<zmn:Y>50138.018</zmn:Y>
		</右下座標>
		<右上座標>
			<zmn:X>-104203.956</zmn:X>
			<zmn:Y>50138.020</zmn:Y>
		</右上座標>
		<地図種類>土地改良所在図</地図種類>
		<地図分類>法第14条1項地図</地図分類>
		<地図材質>P-F</地図材質>
		<地図作成年月日>
			<年>1989</年>
			<月>2</月>
			<日>27</日>
		</地図作成年月日>
		<分割図葉>
			<調査年月>
				<年>1986</年>
				<月>2</月>
			</調査年月>
			<測図年月>
				<年>1986</年>
				<月>3</月>
			</測図年月>
		</分割図葉>
	</図郭>
	<図郭>
		<地図番号>D00 42-1</地図番号>
		<縮尺分母>500</縮尺分母>
		<方位不明フラグ>false</方位不明フラグ>
		<左下座標>
			<zmn:X>-104203.956</zmn:X>
			<zmn:Y>50138.020</zmn:Y>
		</左下座標>
		<左上座標>
			<zmn:X>-104053.958</zmn:X>
			<zmn:Y>50138.022</zmn:Y>
		</左上座標>
		<右下座標>
			<zmn:X>-104203.958</zmn:X>
			<zmn:Y>50338.022</zmn:Y>
		</右下座標>
		<右上座標>
			<zmn:X>-104053.960</zmn:X>
			<zmn:Y>50338.024</zmn:Y>
		</右上座標>
		<地図種類>土地改良所在図</地図種類>
		<地図分類>法第14条1項地図</地図分類>
		<地図材質>P-F</地図材質>
		<地図作成年月日>
			<年>1989</年>
			<月>2</月>
			<日>27</日>
		</地図作成年月日>
		<分割図葉>
			<調査年月>
				<年>1986</年>
				<月>2</月>
			</調査年月>
			<測図年月>
				<年>1986</年>
				<月>3</月>
			</測図年月>
		</分割図葉>
	</図郭>
	<図郭>
		<地図番号>D00 42-2</地図番号>
		<縮尺分母>500</縮尺分母>
		<方位不明フラグ>false</方位不明フラグ>
		<左下座標>
			<zmn:X>-104203.958</zmn:X>
			<zmn:Y>50338.022</zmn:Y>
		</左下座標>
		<左上座標>
			<zmn:X>-104053.960</zmn:X>
			<zmn:Y>50338.024</zmn:Y>
		</左上座標>
		<右下座標>
			<zmn:X>-104203.960</zmn:X>
			<zmn:Y>50538.024</zmn:Y>
		</右下座標>
		<右上座標>
			<zmn:X>-104053.962</zmn:X>
			<zmn:Y>50538.026</zmn:Y>
		</右上座標>
		<地図種類>土地改良所在図</地図種類>
		<地図分類>法第14条1項地図</地図分類>
		<地図材質>P-F</地図材質>
		<地図作成年月日>
			<年>1989</年>
			<月>2</月>
			<日>27</日>
		</地図作成年月日>
		<分割図葉>
			<調査年月>
				<年>1986</年>
				<月>2</月>
			</調査年月>
			<測図年月>
				<年>1986</年>
				<月>3</月>
			</測図年月>
		</分割図葉>
	</図郭>
	<図郭>
		<地図番号>D00 42-3</地図番号>
		<縮尺分母>500</縮尺分母>
		<方位不明フラグ>false</方位不明フラグ>
		<左下座標>
			<zmn:X>-104353.954</zmn:X>
			<zmn:Y>50138.018</zmn:Y>
		</左下座標>
		<左上座標>
			<zmn:X>-104203.956</zmn:X>
			<zmn:Y>50138.020</zmn:Y>
		</左上座標>
		<右下座標>
			<zmn:X>-104353.956</zmn:X>
			<zmn:Y>50338.020</zmn:Y>
		</右下座標>
		<右上座標>
			<zmn:X>-104203.958</zmn:X>
			<zmn:Y>50338.022</zmn:Y>
		</右上座標>
		<地図種類>土地改良所在図</地図種類>
		<地図分類>法第14条1項地図</地図分類>
		<地図材質>P-F</地図材質>
		<地図作成年月日>
			<年>1989</年>
			<月>2</月>
			<日>27</日>
		</地図作成年月日>
		<分割図葉>
			<調査年月>
				<年>1986</年>
				<月>2</月>
			</調査年月>
			<測図年月>
				<年>1986</年>
				<月>3</月>
			</測図年月>
		</分割図葉>
	</図郭>
	<図郭>
		<地図番号>D00 42-4</地図番号>
		<縮尺分母>500</縮尺分母>
		<方位不明フラグ>false</方位不明フラグ>
		<左下座標>
			<zmn:X>-104353.956</zmn:X>
			<zmn:Y>50338.020</zmn:Y>
		</左下座標>
		<左上座標>
			<zmn:X>-104203.958</zmn:X>
			<zmn:Y>50338.022</zmn:Y>
		</左上座標>
		<右下座標>
			<zmn:X>-104353.958</zmn:X>
			<zmn:Y>50538.022</zmn:Y>
		</右下座標>
		<右上座標>
			<zmn:X>-104203.960</zmn:X>
			<zmn:Y>50538.024</zmn:Y>
		</右上座標>
		<地図種類>土地改良所在図</地図種類>
		<地図分類>法第14条1項地図</地図分類>
		<地図材質>P-F</地図材質>
		<地図作成年月日>
			<年>1989</年>
			<月>2</月>
			<日>27</日>
		</地図作成年月日>
		<分割図葉>
			<調査年月>
				<年>1986</年>
				<月>2</月>
			</調査年月>
			<測図年月>
				<年>1986</年>
				<月>3</月>
			</測図年月>
		</分割図葉>
	</図郭>
	<図郭>
		<地図番号>D00 43-1</地図番号>
		<縮尺分母>500</縮尺分母>
		<方位不明フラグ>false</方位不明フラグ>
		<左下座標>
			<zmn:X>-104203.960</zmn:X>
			<zmn:Y>50538.024</zmn:Y>
		</左下座標>
		<左上座標>
			<zmn:X>-104053.962</zmn:X>
			<zmn:Y>50538.026</zmn:Y>
		</左上座標>
		<右下座標>
			<zmn:X>-104203.962</zmn:X>
			<zmn:Y>50738.026</zmn:Y>
		</右下座標>
		<右上座標>
			<zmn:X>-104053.965</zmn:X>
			<zmn:Y>50738.028</zmn:Y>
		</右上座標>
		<地図種類>土地改良所在図</地図種類>
		<地図分類>法第14条1項地図</地図分類>
		<地図材質>P-F</地図材質>
		<地図作成年月日>
			<年>1989</年>
			<月>2</月>
			<日>27</日>
		</地図作成年月日>
		<分割図葉>
			<調査年月>
				<年>1986</年>
				<月>2</月>
			</調査年月>
			<測図年月>
				<年>1986</年>
				<月>3</月>
			</測図年月>
		</分割図葉>
	</図郭>
	<図郭>
		<地図番号>D00 43-3</地図番号>
		<縮尺分母>500</縮尺分母>
		<方位不明フラグ>false</方位不明フラグ>
		<左下座標>
			<zmn:X>-104353.958</zmn:X>
			<zmn:Y>50538.022</zmn:Y>
		</左下座標>
		<左上座標>
			<zmn:X>-104203.960</zmn:X>
			<zmn:Y>50538.024</zmn:Y>
		</左上座標>
		<右下座標>
			<zmn:X>-104353.960</zmn:X>
			<zmn:Y>50738.024</zmn:Y>
		</右下座標>
		<右上座標>
			<zmn:X>-104203.962</zmn:X>
			<zmn:Y>50738.026</zmn:Y>
		</右上座標>
		<地図種類>土地改良所在図</地図種類>
		<地図分類>法第14条1項地図</地図分類>
		<地図材質>P-F</地図材質>
		<地図作成年月日>
			<年>1989</年>
			<月>2</月>
			<日>27</日>
		</地図作成年月日>
		<分割図葉>
			<調査年月>
				<年>1986</年>
				<月>2</月>
			</調査年月>
			<測図年月>
				<年>1986</年>
				<月>3</月>
			</測図年月>
		</分割図葉>
	</図郭>
	<図郭>
		<地図番号>D00 51-1</地図番号>
		<縮尺分母>500</縮尺分母>
		<方位不明フラグ>false</方位不明フラグ>
		<左下座標>
			<zmn:X>-104503.949</zmn:X>
			<zmn:Y>49738.012</zmn:Y>
		</左下座標>
		<左上座標>
			<zmn:X>-104353.951</zmn:X>
			<zmn:Y>49738.014</zmn:Y>
		</左上座標>
		<右下座標>
			<zmn:X>-104503.950</zmn:X>
			<zmn:Y>49938.013</zmn:Y>
		</右下座標>
		<右上座標>
			<zmn:X>-104353.952</zmn:X>
			<zmn:Y>49938.015</zmn:Y>
		</右上座標>
		<地図種類>土地改良所在図</地図種類>
		<地図分類>法第14条1項地図</地図分類>
		<地図材質>P-F</地図材質>
		<地図作成年月日>
			<年>1989</年>
			<月>2</月>
			<日>27</日>
		</地図作成年月日>
		<分割図葉>
			<調査年月>
				<年>1987</年>
				<月>1</月>
			</調査年月>
			<測図年月>
				<年>1987</年>
				<月>3</月>
			</測図年月>
		</分割図葉>
	</図郭>
	<図郭>
		<地図番号>D00 51-2</地図番号>
		<縮尺分母>500</縮尺分母>
		<方位不明フラグ>false</方位不明フラグ>
		<左下座標>
			<zmn:X>-104503.950</zmn:X>
			<zmn:Y>49938.013</zmn:Y>
		</左下座標>
		<左上座標>
			<zmn:X>-104353.952</zmn:X>
			<zmn:Y>49938.015</zmn:Y>
		</左上座標>
		<右下座標>
			<zmn:X>-104503.952</zmn:X>
			<zmn:Y>50138.016</zmn:Y>
		</右下座標>
		<右上座標>
			<zmn:X>-104353.954</zmn:X>
			<zmn:Y>50138.018</zmn:Y>
		</右上座標>
		<地図種類>土地改良所在図</地図種類>
		<地図分類>法第14条1項地図</地図分類>
		<地図材質>P-F</地図材質>
		<地図作成年月日>
			<年>1989</年>
			<月>2</月>
			<日>27</日>
		</地図作成年月日>
		<分割図葉>
			<調査年月>
				<年>1986</年>
				<月>2</月>
			</調査年月>
			<測図年月>
				<年>1986</年>
				<月>3</月>
			</測図年月>
		</分割図葉>
	</図郭>
	<図郭>
		<地図番号>D00 51-3</地図番号>
		<縮尺分母>500</縮尺分母>
		<方位不明フラグ>false</方位不明フラグ>
		<左下座標>
			<zmn:X>-104653.948</zmn:X>
			<zmn:Y>49738.010</zmn:Y>
		</左下座標>
		<左上座標>
			<zmn:X>-104503.949</zmn:X>
			<zmn:Y>49738.012</zmn:Y>
		</左上座標>
		<右下座標>
			<zmn:X>-104653.949</zmn:X>
			<zmn:Y>49938.012</zmn:Y>
		</右下座標>
		<右上座標>
			<zmn:X>-104503.950</zmn:X>
			<zmn:Y>49938.013</zmn:Y>
		</右上座標>
		<地図種類>土地改良所在図</地図種類>
		<地図分類>法第14条1項地図</地図分類>
		<地図材質>P-F</地図材質>
		<地図作成年月日>
			<年>1989</年>
			<月>2</月>
			<日>27</日>
		</地図作成年月日>
		<分割図葉>
			<調査年月>
				<年>1987</年>
				<月>1</月>
			</調査年月>
			<測図年月>
				<年>1987</年>
				<月>3</月>
			</測図年月>
		</分割図葉>
	</図郭>
	<図郭>
		<地図番号>D00 51-4</地図番号>
		<縮尺分母>500</縮尺分母>
		<方位不明フラグ>false</方位不明フラグ>
		<左下座標>
			<zmn:X>-104653.949</zmn:X>
			<zmn:Y>49938.012</zmn:Y>
		</左下座標>
		<左上座標>
			<zmn:X>-104503.950</zmn:X>
			<zmn:Y>49938.013</zmn:Y>
		</左上座標>
		<右下座標>
			<zmn:X>-104653.950</zmn:X>
			<zmn:Y>50138.014</zmn:Y>
		</右下座標>
		<右上座標>
			<zmn:X>-104503.952</zmn:X>
			<zmn:Y>50138.016</zmn:Y>
		</右上座標>
		<地図種類>土地改良所在図</地図種類>
		<地図分類>法第14条1項地図</地図分類>
		<地図材質>P-F</地図材質>
		<地図作成年月日>
			<年>1989</年>
			<月>2</月>
			<日>27</日>
		</地図作成年月日>
		<分割図葉>
			<調査年月>
				<年>1987</年>
				<月>1</月>
			</調査年月>
			<測図年月>
				<年>1987</年>
				<月>3</月>
			</測図年月>
		</分割図葉>
	</図郭>
	<図郭>
		<地図番号>D00 52-1</地図番号>
		<縮尺分母>500</縮尺分母>
		<方位不明フラグ>false</方位不明フラグ>
		<左下座標>
			<zmn:X>-104503.952</zmn:X>
			<zmn:Y>50138.016</zmn:Y>
		</左下座標>
		<左上座標>
			<zmn:X>-104353.954</zmn:X>
			<zmn:Y>50138.018</zmn:Y>
		</左上座標>
		<右下座標>
			<zmn:X>-104503.954</zmn:X>
			<zmn:Y>50338.018</zmn:Y>
		</右下座標>
		<右上座標>
			<zmn:X>-104353.956</zmn:X>
			<zmn:Y>50338.020</zmn:Y>
		</右上座標>
		<地図種類>土地改良所在図</地図種類>
		<地図分類>法第14条1項地図</地図分類>
		<地図材質>P-F</地図材質>
		<地図作成年月日>
			<年>1989</年>
			<月>2</月>
			<日>27</日>
		</地図作成年月日>
		<分割図葉>
			<調査年月>
				<年>1986</年>
				<月>2</月>
			</調査年月>
			<測図年月>
				<年>1986</年>
				<月>3</月>
			</測図年月>
		</分割図葉>
	</図郭>
	<図郭>
		<地図番号>D00 52-2</地図番号>
		<縮尺分母>500</縮尺分母>
		<方位不明フラグ>false</方位不明フラグ>
		<左下座標>
			<zmn:X>-104503.954</zmn:X>
			<zmn:Y>50338.018</zmn:Y>
		</左下座標>
		<左上座標>
			<zmn:X>-104353.956</zmn:X>
			<zmn:Y>50338.020</zmn:Y>
		</左上座標>
		<右下座標>
			<zmn:X>-104503.956</zmn:X>
			<zmn:Y>50538.020</zmn:Y>
		</右下座標>
		<右上座標>
			<zmn:X>-104353.958</zmn:X>
			<zmn:Y>50538.022</zmn:Y>
		</右上座標>
		<地図種類>土地改良所在図</地図種類>
		<地図分類>法第14条1項地図</地図分類>
		<地図材質>P-F</地図材質>
		<地図作成年月日>
			<年>1989</年>
			<月>2</月>
			<日>27</日>
		</地図作成年月日>
		<分割図葉>
			<調査年月>
				<年>1986</年>
				<月>2</月>
			</調査年月>
			<測図年月>
				<年>1986</年>
				<月>3</月>
			</測図年月>
		</分割図葉>
	</図郭>
	<図郭>
		<地図番号>G00 11-1</地図番号>
		<縮尺分母>500</縮尺分母>
		<方位不明フラグ>false</方位不明フラグ>
		<左下座標>
			<zmn:X>-104803.946</zmn:X>
			<zmn:Y>49738.008</zmn:Y>
		</左下座標>
		<左上座標>
			<zmn:X>-104653.948</zmn:X>
			<zmn:Y>49738.010</zmn:Y>
		</左上座標>
		<右下座標>
			<zmn:X>-104803.947</zmn:X>
			<zmn:Y>49938.010</zmn:Y>
		</右下座標>
		<右上座標>
			<zmn:X>-104653.949</zmn:X>
			<zmn:Y>49938.012</zmn:Y>
		</右上座標>
		<地図種類>土地改良所在図</地図種類>
		<地図分類>法第14条1項地図</地図分類>
		<地図材質>P-F</地図材質>
		<地図作成年月日>
			<年>1989</年>
			<月>2</月>
			<日>27</日>
		</地図作成年月日>
		<分割図葉>
			<調査年月>
				<年>1987</年>
				<月>1</月>
			</調査年月>
			<測図年月>
				<年>1987</年>
				<月>3</月>
			</測図年月>
		</分割図葉>
	</図郭>
</地図>
